Charytatywno≈õƒá,–ë–ª–∞–≥–æ—Ç–≤–æ—Ä–∏—Ç–µ–ª—å–Ω–æ—Å—Ç—å
Fundacja,–§–æ–Ω–¥ (–Ω–∞–ø—Ä–∏–º–µ—Ä –±–ª–∞–≥–æ—Ç–≤–æ—Ä–∏—Ç–µ–ª—å–Ω—ã–π)
Fundusz,–§–æ–Ω–¥ (–Ω–∞–ø—Ä–∏–º–µ—Ä —Ç—Ä–∞—Å—Ç–æ–≤—ã–π)
Streszczenie,"–°–æ–∫—Ä–∞—â–µ–Ω–∏–µ, –∫—Ä–∞—Ç–∫–∏–π –ø–µ—Ä–µ—Å–∫–∞–∑"
Streszczaƒá,–°–æ–∫—Ä–∞—â–∞—Ç—å
Doprecyzowaƒá,–£—Ç–æ—á–Ω–∏—Ç—å
Krajoznawstwo,–ö—Ä–∞–µ–≤–µ–¥–µ–Ω–∏–µ
Turystyka,–¢—É—Ä–∏–∑–º
Krajoznawca,–ö—Ä–∞–µ–≤–µ–¥
Turysta,–¢—É—Ä–∏—Å—Ç
Trasa,–ú–∞—Ä—à—Ä—É—Ç
Wƒôdr√≥wka,–ü–æ—Ö–æ–¥
Wycieczka,–≠–∫—Å–∫—É—Ä—Å–∏—è
Wyprawa,–≠–∫—Å–ø–µ–¥–∏—Ü–∏—è
Podr√≥≈º,–ü—É—Ç–µ—à–µ—Å—Ç–≤–∏–µ
Biuro podr√≥≈ºy,–ë—é—Ä–æ –ø—É—Ç–µ—à–µ—Å—Ç–≤–∏–π
Agencja turystyczna,–¢—É—Ä–∏—Å—Ç–∏—á–µ—Å–∫–æ–µ –∞–≥–µ–Ω—Ç—Å—Ç–≤–æ
Mapa,–ö–∞—Ä—Ç–∞
Kompas,–ö–æ–º–ø–∞—Å
Mena≈ºka,–ö–æ—Ç–µ–ª–æ–∫
Scyzoryk,–ü–µ—Ä–æ—á–∏–Ω–Ω—ã–π –Ω–æ–∂
≈öpiw√≥r,–°–ø–∞–ª—å–Ω—ã–π –º–µ—à–æ–∫
Plecak,–†—é–∫–∑–∞–∫
Tornister,–†–∞–Ω–µ—Ü
Lina,–í–µ—Ä–µ–≤–∫–∞
Przewodnik,"–ì–∏–¥, –ø—Ä–æ–≤–æ–¥–Ω–∏–∫"
Latarka,–§–æ–Ω–∞—Ä–∏–∫
Taternictwo,–ê–ª—å–ø–∏–Ω–∏–∑–º
Ekwipunek,–°–Ω–∞—Ä—è–∂–µ–Ω–∏–µ
Ob√≥z,–õ–∞–≥–µ—Ä—å
Biwak,–ü—Ä–∏–≤–∞–ª
Ognisko,–ö–æ—Å—Ç–µ—Ä
Opa≈Ç,–¢–æ–ø–ª–∏–≤–æ
Namiot,–ü–∞–ª–∞—Ç–∫–∞
Moskitiera,–ê–Ω—Ç–∏–º–æ—Å–∫–∏—Ç–Ω–∞—è —Å–µ—Ç–∫–∞
Hotel,–ì–æ—Å—Ç–∏–Ω–∏—Ü–∞
Schronisko,–¢—É—Ä–±–∞–∑–∞
Pole namiotowe,–ö–µ–º–ø–∏–Ω–≥
Wypoczywaƒá,–û—Ç–¥—ã—Ö–∞—Ç—å ( –≤ –æ—Ç–ø—É—Å–∫–µ)
Turystyczny,–¢—É—Ä–∏—Å—Ç–∏—á–µ—Å–∫–∏–π
Odpoczywaƒá,–û—Ç–¥—ã—Ö–∞—Ç—å
Turystka,–¢—É—Ä–∏—Å—Ç–∫–∞
Zarezerwowaƒá –ø–æ–∫√≥j,–ó–∞–±—Ä–æ–Ω–∏—Ä–æ–≤–∞—Ç—å –Ω–æ–º–µ—Ä
Pok√≥j,–ù–æ–º–µ—Ä
Jednoosobowy,–û–¥–Ω–æ–º–µ—Å—Ç–Ω—ã–π
Dwuosobowy,–î–≤—É—Ö–º–µ—Å—Ç–Ω—ã–π
Z ≈ÇazienkƒÖ,–° –≤–∞–Ω–Ω–æ–π
Bez ≈Çazienki,–ë–µ–∑ –≤–∞–Ω–Ω—ã
Ze ≈õniadaniem,–° –∑–∞–≤—Ç—Ä–∞–∫–æ–º
Bez ≈õniadania,–ë–µ–∑ –∑–∞–≤—Ç—Ä–∞–∫–∞
Alpinista,–ê–ª—å–ø–∏–Ω–∏—Å—Ç
Atrakcja,–î–æ—Å—Ç–æ–ø—Ä–∏–º–µ—á–∞—Ç–µ–ª—å–Ω–æ—Å—Ç—å
Atmosfera,–ê—Ç–º–æ—Å—Ñ–µ—Ä–∞
Autokar,"–ê–≤—Ç–æ–∫–∞—Ä, —Ç—É—Ä–∏—Å—Ç–∏—á–µ—Å–∫–∏–π –∞–≤—Ç–æ–±—É—Å"
Dno,–î–Ω–æ
Doskona≈Çy,"–°–æ–≤–µ—Ä—à–µ–Ω–Ω—ã–π, –ø—Ä–µ–∫—Ä–∞—Å–Ω—ã–π"
Do≈õwiadczenie,–û–ø—ã—Ç
Ekspedycja,–≠–∫—Å–ø–µ–¥–∏—Ü–∏—è
Gejzer,–ì–µ–π–∑–µ—Ä
Komfortowy,–ö–æ–º—Ñ–æ—Ä—Ç–Ω—ã–π
Korzystanie,–ü–æ–ª—å–∑–æ–≤–∞–Ω–∏–µ
≈Å√≥d≈∫,–õ–æ–¥–∫–∞
Niepowtarzalny,–ù–µ–ø–æ–≤—Ç–æ—Ä–∏–º—ã–π
Nurek,–ù—ã—Ä—è–ª—å—â–∏–∫
Nurkowaƒá,–ù—ã—Ä—è—Ç—å
Nurkowanie,–ù—ã—Ä—è–Ω–∏–µ
Odczuƒá,–ü–æ—á—É–≤—Å—Ç–≤–æ–≤–∞—Ç—å
Oferowaƒá,–ü—Ä–µ–¥–ª–∞–≥–∞—Ç—å
Oferta,–ü—Ä–µ–¥–ª–æ–∂–µ–Ω–∏–µ
Park narodowy,–ù–∞—Ü–∏–æ–Ω–∞–ª—å–Ω—ã–π –ø–∞—Ä–∫
Piƒôkny,–ö—Ä–∞—Å–∏–≤—ã–π
Pla≈ºa,–ü–ª—è–∂
Propozycja,–ü—Ä–µ–¥–ª–æ–∂–µ–Ω–∏–µ
Skrywaƒá,–°–∫—Ä—ã–≤–∞—Ç—å
Standard,–°—Ç–∞–Ω–¥–∞—Ä—Ç
Staro≈ºytny,"–î—Ä–µ–≤–Ω–∏–π, –∞–Ω—Ç–∏—á–Ω—ã–π"
Szczyt,–í–µ—Ä—à–∏–Ω–∞
Tajemnica,–¢–∞–π–Ω–∞
Wƒôdkowaƒá,–£–¥–∏—Ç—å —Ä—ã–±—É
Wp≈Çywaƒá,"–í–ø–ª—ã–≤–∞—Ç—å, –∑–∞–ø–ª—ã–≤–∞—Ç—å"
Wspinaczka,–°–∫–∞–ª–æ–ª–∞–∑–∞–Ω–∏–µ
Wyspa,–û—Å—Ç—Ä–æ–≤
≈ªagl√≥wka,–ü–∞—Ä—É—Å–Ω–∞—è –ª–æ–¥–∫–∞
Zakwaterowanie,"–†–∞—Å–∫–≤–∞—Ä—Ç–∏—Ä–æ–≤–∞–Ω–∏–µ, —Ä–∞–∑–º–µ—â–µ–Ω–∏–µ"
Zatopiony,–ó–∞—Ç–æ–ø–ª–µ–Ω–Ω—ã–π
≈ªeglowaƒá,–ü–ª–∞–≤–∞—Ç—å –ø–æ–¥ –ø–∞—Ä—É—Å–æ–º
Na podstawie,–ù–∞ –æ—Å–Ω–æ–≤–µ
Dostaƒá,–ü–æ–ª—É—á–∏—Ç—å
Rozporek,–ú–æ–ª–Ω–∏—è
Flizelina,–§–ª–∏–∑–µ–ª–∏–Ω
Kwestionariusz,–ê–Ω–∫–µ—Ç–∞
Cudzoziemka,–ò–Ω–æ—Å—Ç—Ä–∞–Ω–∫–∞
Strefa komfortu,–ó–æ–Ω–∞ –∫–æ–º—Ñ–æ—Ä—Ç–∞
Ha≈Ças,–®—É–º
Obejrzeƒá siƒô,"–û—Å–º–æ—Ç—Ä–µ—Ç—å—Å—è, –æ–≥–ª—è–Ω—É—Ç—å—Å—è"
Sterta,–ö—É—á–∞
Ufaƒá,–î–æ–≤–µ—Ä—è—Ç—å
Ufno≈õƒá,–î–æ–≤–µ—Ä–∏–µ
PrzejƒÖƒá siƒô/przejmowaƒá siƒô,"–†–∞—Å—Å—Ç—Ä–∞–∏–≤–∞—Ç—å—Å—è, –ø–µ—Ä–µ–∂–∏–≤–∞—Ç—å"
Stwierdziƒá z rezygnacjƒÖ,–ü–µ—Ä–µ–¥—É–º–∞—Ç—å (zmieniƒá zdanie)
Pigu≈Çki,–¢–∞–±–ª–µ—Ç–∫–∏
Zlitowaƒá siƒô,–°–∂–∞–ª–∏—Ç—å—Å—è
Ochydna,"–û—Ç–≤—Ä–∞—Ç–∏—Ç–µ–ª—å–Ω–∞—è, –º–µ—Ä–∑–∫–∞—è"
Mina,–≠—Ç–æ –≤—ã—Ä–∞–∂–µ–Ω–∏–µ –Ω–∞ –ª–∏—Ü–µ
Zr√≥b minƒô,"–ü–æ–∫–∞–∂–∏ —ç–º–æ—Ü–∏—é, –ø–æ–∫–∞–∂–∏ –≥—Ä–∏–º–∞—Å—É"
Ekscytacja,"–í–æ–ª–Ω–µ–Ω–∏–µ, –≤–æ–∑–±—É–∂–¥–µ–Ω–∏–µ (–ø–æ–∑–∏—Ç–∏–≤–Ω–æ–µ)"
Celebryta/gwiazda,–°–µ–ª–µ–±—Ä–∏—Ç–∏/–∑–≤–µ–∑–¥–∞
Wspieraƒá,–ü–æ–¥–¥–µ—Ä–∂–∏–≤–∞—Ç—å
Wsparcie,–ü–æ–¥–¥–µ—Ä–∂–∫–∞
Dubbing,–î—É–±–ª—è–∂
Dzwiƒôk,–ó–≤—É–∫
Przestƒôpca,–ü—Ä–µ—Å—Ç—É–ø–Ω–∏–∫
Przestƒôpstwo,–ü—Ä–µ—Å—Ç—É–ø–ª–µ–Ω–∏–µ
Z≈Çodziej,–í–æ—Ä
Morderca,–£–±–∏–π—Ü–∞
Oszukaƒá,–û–±–º–∞–Ω—É—Ç—å
Oszustwo,–ú–æ—à–µ–Ω–Ω–∏—á–µ—Å—Ç–≤–æ
Oszust,–ú–æ—à–µ–Ω–Ω–∏–∫
Gangster,"–ì–∞–Ω–≥—Å—Ç–µ—Ä, —Ä–∞–∑–±–æ–π–Ω–∏–∫"
Mafia,–ú–∞—Ñ–∏—è
Ofiara,–ñ–µ—Ä—Ç–≤–∞
≈öwiadek,–°–≤–∏–¥–µ—Ç–µ–ª—å
Zatrzymaƒá,–ó–∞–¥–µ—Ä–∂–∞—Ç—å
Podejrzana osoba,–ü–æ–¥–æ–∑—Ä–µ–≤–∞–µ–º—ã–π
Za/pobiec czemu≈õ,–ü—Ä–µ–¥–æ—Ç–≤—Ä–∞—Ç–∏—Ç—å —á—Ç–æ-—Ç–æ
Wieczerza,–¢–æ–∂–µ —É–∂–∏–Ω
Zemsta,–ú–µ—Å—Ç—å
Zazdro≈õƒá,–ó–∞–≤–∏—Å—Ç—å –∏ —Ä–µ–≤–Ω–æ—Å—Ç—å
Wiƒôzienie,–¢—é—Ä—å–º–∞
Wykszta≈Çcenie,–û–±—Ä–∞–∑–æ–≤–∞–Ω–∏–µ
Stan cywilny,–°–µ–º–µ–π–Ω–æ–µ –ø–æ–ª–æ–∂–µ–Ω–∏–µ
Ekipa telewizyjna,–°—ä—ë–º–æ—á–Ω–∞—è –≥—Ä—É–ø–ø–∞
Opr√≥cz,–ö—Ä–æ–º–µ
Cecha charakteru,–ß–µ—Ä—Ç–∞ —Ö–∞—Ä–∞–∫—Ç–µ—Ä–∞
Pasja,"–£–≤–ª–µ—á–µ–Ω–∏–µ, –æ—Ç–¥—É—à–∏–Ω–∞, —Å—Ç—Ä–∞—Å—Ç–Ω–æ–µ –∂–µ–ª–∞–Ω–∏–µ"
Jedynak,–ï–¥–∏–Ω—Å—Ç–≤–µ–Ω–Ω—ã–π —Ä–µ–±—ë–Ω–æ–∫
Porywcza,–í—Å–ø—ã–ª—å—á–∏–≤–∞—è
Cierpieƒá,"–°—Ç—Ä–∞–¥–∞—Ç—å, –Ω–æ —Ç–µ—Ä–ø–µ–ª–∏–≤—ã–π - cierpliwy"
Uparta,–£–ø—ë—Ä—Ç–∞—è
DƒÖ≈ºƒÖcy do celu (celowy/nacelowany),–¶–µ–ª–µ—É—Å—Ç—Ä–µ–º–ª—ç–Ω–Ω—ã–π
Kosmetolo≈ºka,–ñ–µ–Ω—â–∏–Ω–∞ –∫–æ—Å–º–µ—Ç–æ–ª–æ–≥üòÖ
Acne/trƒÖdzik,–ê–∫–Ω–µ
Sroga,"–°—Ç—Ä–æ–≥–∞—è ( –æ–±—Ä–∞—Ç–∏—Ç–µ –≤–Ω–∏–º–∞–Ω–∏–µ, –Ω–µ—Ç –±—É–∫–≤—ã —Ç)"
Gra planszowa,–ù–∞—Å—Ç–æ–ª—å–Ω–∞—è –∏–≥—Ä–∞
Tch√≥rz,"–¢—Ä—É—Å ( —Ö–æ—Ä—ë–∫, –µ—Å–ª–∏ —Ä–µ—á—å –∏–¥—ë—Ç –æ –∂–∏–≤–æ—Ç–Ω–æ–º)"
Tch√≥rzofretka,–•–æ—Ä—ë–∫
Aroga≈Ñski,–í—ã—Å–æ–∫–æ–º–µ—Ä–Ω—ã–π
Bywa,–ë—ã–≤–∞–µ—Ç ( –µ—Å–ª–∏ —á–µ–ª–æ–≤–µ–∫ –∏–Ω–æ–≥–¥–∞ –æ–±–ª–∞–¥–∞–µ—Ç –∫–∞–∫–æ–π-—Ç–æ —á–µ—Ä—Ç–æ–π)
Notatki,"–ó–∞–º–µ—Ç–∫–∏, –∫–æ–Ω—Å–ø–µ–∫—Ç"
Odbieraƒá kogo≈õ jako≈õ,–ì–ª–∞–≥–æ–ª –∏–º–µ–µ—Ç –º–Ω–æ–≥–æ –∑–Ω–∞—á–µ–Ω–∏–π.
–ú—ã —Ä–∞–∑–±–∏—Ä–∞–ª–∏ –≤ –∑–Ω–∞—á–µ–Ω–∏–∏,–í–∏–¥–µ—Ç—å –∫–∞–∫–∏–µ-—Ç–æ —á–µ—Ä—Ç—ã –≤ –∫–æ–º-—Ç–æ
Karuzela,–ö–∞—Ä—É—Å–µ–ª—å
Wredny,–í—Ä–µ–¥–Ω—ã–π
Psotnik,–ü—Ä–æ–∫–∞–∑–Ω–∏–∫
Ubieraƒá choinkƒô,–ù–∞—Ä—è–∂–∞—Ç—å —ë–ª–∫—É
Hasaƒá,–†–∞–¥–æ—Å—Ç–Ω–æ –±–µ–≥–∞—Ç—å
Wyskakiwaƒá,–í—ã—Å–∫–∞–∫–∏–≤–∞—Ç—å
Wyprzedziƒá,"–û–ø–µ—Ä–µ–∂–∞—Ç—å, –æ–±–≥–æ–Ω—è—Ç—å"
Hamowaƒá,–¢–æ—Ä–º–æ–∑–∏—Ç—å
Wymusiƒá pierwsze≈Ñstwo,–ü–æ–¥—Ä–µ–∑–∞—Ç—å
ZdƒÖ≈ºyƒá,–£—Å–ø–µ—Ç—å
Tyl,–ó–∞–¥
Prz√≥d,–ü–µ—Ä–µ–¥
Zrobiƒá z nas winnych,–û–±–≤–∏–Ω–∏—Ç—å –Ω–∞—Å
Zastraszyƒá,–ù–∞–ø—É–≥–∞—Ç—å
Tam i z powrotem,–¢—É–¥–∞ –∏ –æ–±—Ä–∞—Ç–Ω–æ
Zachowywaƒá siƒô,–í–µ—Å—Ç–∏ —Å–µ–±—è
Praw–æ jazdy,–í–æ–¥–∏—Ç–µ–ª—å—Å–∫–∏–µ –ø—Ä–∞–≤–∞
Piesi,–ü–µ—à–µ—Ö–æ–¥—ã
Przekierowanie uwagi,–°–º–µ—â–µ–Ω–∏–µ —Ñ–æ–∫—É—Å–∞/–≤–Ω–∏–º–∞–Ω–∏—è
T≈Çum,–¢–æ–ª–ø–∞
Hamulec,–¢–æ—Ä–º–æ–∑
Za≈Çatwiƒô ten problem,–†–µ—à—É –ø—Ä–æ–±–ª–µ–º—É
Kupa,–ö–∞–∫–∞—à–∫–∞ )
Za≈Çatwiƒá siƒô,–°—Ö–æ–¥–∏—Ç—å –≤ —Ç—É–∞–ª–µ—Ç (—Ä–∞–∑–≥–æ–≤–æ—Ä–Ω–æ–µ)
Op≈Çaca siƒô,–ò–º–µ–µ—Ç —Å–º—ã—Å–ª/–≤—ã–≥–æ–¥–Ω–æ
Sznur√≥wki,–®–Ω—É—Ä–∫–∏
Aparat fotograficzny,–§–æ—Ç–æ–∞–ø–ø–∞—Ä–∞—Ç
Obiektyw,–û–±—ä–µ–∫—Ç–∏–≤
St≈Çuk≈Ç siƒô,–†–∞–∑–±–∏–ª—Å—è
Wada,"–ú–∏–Ω—É—Å/–æ—Ç—Ä–∏—Ü–∞—Ç–µ–ª—å–Ω–∞—è —á–µ—Ä—Ç–∞, —Ç–∞–∫–∂–µ –±—Ä–∞–∫/–¥–µ—Ñ–µ–∫—Ç"
Zalet–∞,–ü–ª—é—Å/–ø–æ–ª–æ–∂–∏—Ç–µ–ª—å–Ω–∞—è —á–µ—Ä—Ç–∞
Wadliwy towar,–ë—Ä–∞–∫–æ–≤–∞–Ω—ã–π —Ç–æ–≤–∞—Ä
Reklamowaƒá,–†–µ–∫–ª–∞–º–∏—Ä–æ–≤–∞—Ç—å –∏–ª–∏ –≤–æ–∑–≤—Ä–∞—â–∞—Ç—å —Ç–æ–≤–∞—Ä
Reklama,–†–µ–∫–ª–∞–º–∞
Reklamacja,–í–æ–∑–≤—Ä–∞—Ç —Ç–æ–≤–∞—Ä–∞
Kulki we≈Çniane,–®–µ—Ä—Å—Ç—è–Ω—ã–µ –∫–∞—Ç—ã—à–∫–∏
Zmechacenie,–°–∫–∞—Ç—ã–≤–∞–Ω–∏–µ –Ω–∞ –æ–¥–µ–∂–¥–µ
≈πr√≥d≈Ço,–ò—Å—Ç–æ—á–Ω–∏–∫
Nastolatek/nastolatka,–ü–æ–¥—Ä–æ—Å—Ç–æ–∫
Bohater/bohaterka,–ì–µ—Ä–æ–π/–≥–µ—Ä–æ–∏–Ω—è
"Hurt, hurtownia","–û–ø—Ç, –æ–ø—Ç–æ–≤–∞—è –ø—Ä–æ–¥–∞–∂–∞"
Fabu≈Ça,–°—é–∂–µ—Ç
Gatunek,–ñ–∞–Ω—Ä
Wpa≈õƒá,–ó–∞–π—Ç–∏ –≤ –≥–æ—Å—Ç–∏
Wpadka,"–í–ø–∏—Å–∫–∞, –≤–µ—á–µ—Ä–∏–Ω–∫–∞"
Dzie≈Ñ ≈õwistaka,–î–µ–Ω—å —Å—É—Ä–∫–∞
Randka,–°–≤–∏–¥–∞–Ω–∏–µ
Dawaj siƒô pobierzemy!,–î–∞–≤–∞–π –ø–æ–∂–µ–Ω–∏–º—Å—è
Zrelaksowaƒá umys≈Ç,"–î–∞—Ç—å –º–æ–∑–≥—É –æ—Ç–¥–æ—Ö–Ω—É—Ç—å, —Ä–∞—Å—Å–ª–∞–±–∏—Ç—å —Ä–∞–∑—É–º"
Postrzegaƒá,–í–æ—Å–ø—Ä–∏–Ω–∏–º–∞—Ç—å
Brzmi jak plan,–ó–≤—É—á–∏—Ç –∫–∞–∫ –ø–ª–∞–Ω
Kosmita/obcy,–ü—Ä–∏—à–µ–ª–µ—Ü
Dawka,–î–æ–∑–∞
Internista,–í—Ä–∞—á –ø–µ—Ä–≤–æ–≥–æ –∫–æ–Ω—Ç–∞–∫—Ç–∞
Opowiadaƒá,–†–∞—Å—Å–∫–∞–∑—ã–≤–∞—Ç—å
Wiedzieƒá,–ó–Ω–∞—Ç—å
Widzieƒá,–í–∏–¥–µ—Ç—å
Pytaƒá,–°–ø—Ä–∞—à–∏–≤–∞—Ç—å
Musieƒá,–î–æ–ª–∂–µ–Ω —Å–¥–µ–ª–∞—Ç—å
Krewne,–†–æ–¥—Å—Ç–≤–µ–Ω–Ω–∏–∫–∏
Narodowo≈õƒá,–ù–∞—Ü–∏–æ–Ω–∞–ª—å–Ω–æ—Å—Ç—å
Spo≈Çecze≈Ñstwo,–û–±—â–µ—Å—Ç–≤–æ
Przekazaƒá,–ü–µ—Ä–µ–¥–∞—Ç—å
Przepis,–†–µ—Ü–µ–ø—Ç
Szanowaƒá,–£–≤–∞–∂–∞—Ç—å
Samodzielnie,–°–∞–º–æ—Å—Ç–æ—è—Ç–µ–ª—å–Ω–æ
U≈ºywaƒá,–ü—Ä–∏–Ω–∏–º–∞—Ç—å/–ø—Ä–∏–Ω–∏–º–∞—Ç—å
Braƒá witaminy,–ü—Ä–∏–Ω–∏–º–∞—Ç—å –≤–∏—Ç–∞–º–∏–Ω—ã
Na jakiej podstwie,–ù–∞ –∫–∞–∫–æ–º –æ—Å–Ω–æ–≤–∞–Ω–∏–∏
Do polskiego spo≈Çecze≈Ñstwa,–ö –ø–æ–ª—å—Å–∫–æ–º—É –æ–±—â–µ—Å—Ç–≤—É
Przekazaƒá tradycje,–ü–µ—Ä–µ–¥–∞—Ç—å —Ç—Ä–∞–¥–∏—Ü–∏–∏
Wykszta≈Çcenie techniczne,–¢–µ—Ö–Ω–∏—á–µ—Å–∫–æ–µ –æ–±—Ä–∞–∑–æ–≤–∞–Ω–∏–µ
Technik-programista,–¢–µ—Ö–Ω–∏–∫-–ø—Ä–æ–≥—Ä–∞–º–∏—Å—Ç
In≈ºynier telekomunikacji,–ò–Ω–∂–µ–Ω–µ—Ä —Ç–µ–ª–µ–∫–æ–º–º—É–Ω–∏–∫–∞—Ü–∏–π
Akademia komunikacji,–ê–∫–∞–¥–µ–º–∏—è —Å–≤—è–∑–∏
Bran≈ºa it,–°—Ñ–µ—Ä–∞ it
Wiede≈Ñ,–í–µ–Ω–∞
Awans,–ü–æ–≤—ã—à–µ–Ω–∏–µ
Awansowaƒá,–ü–æ–ª—É—á–∏—Ç—å –ø–æ–≤—ã—à–µ–Ω–∏–µ
Delegacja,–ö–æ–º–∞–Ω–¥–∏—Ä–æ–≤–∫–∞
Im wiƒôcej siƒô da,–ß–µ–º –±–æ–ª—å—à–µ –ø–æ–ª—É—á–∏—Ç—Å—è
Nadzienie,–ù–∞—á–∏–Ω–∫–∞
Nadziewaƒá,–ù–∞—á–∏–Ω—è—Ç—å
Odwiedziƒá,–ü–æ—Å–µ—Ç–∏—Ç—å
Poda≈º,–ü—Ä–µ–¥–ª–æ–∂–µ–Ω–∏–µ
Popyt,–°–ø—Ä–æ—Å
Przeprocesowaƒá,–û–±—Ä–∞–±–∞—Ç—ã–≤–∞—Ç—å
Przy≈õpieszyƒá,–£—Å–∫–æ—Ä–∏—Ç—å
Zabytki,–î–æ—Å—Ç–æ–ø—Ä–∏–º–µ—á–∞—Ç–µ–ª—å–Ω–æ—Å—Ç–∏
Zas≈Çuguje na uwagƒô,–ó–∞—Å–ª—É–∂–∏–≤–∞–µ—Ç –≤–Ω–∏–º–∞–Ω–∏—è
Fala,–í–æ–ª–Ω–∞
Golarka,–ë—Ä–∏—Ç–≤–∞
MajƒÖtek,–ò–º—É—â–µ—Å—Ç–≤–æ
Poza,–í–Ω–µ
≈ªyletka,–õ–µ–∑–≤–∏–µ
Adaptacja,–ê–¥–∞–ø—Ç–∞—Ü–∏—è
Aktor,–ê–∫—Ç–µ—Ä
Aktorka,–ê–∫—Ç—Ä–∏—Å–∞
Aktorska gra,–ê–∫—Ç–µ—Ä—Å–∫–∞—è –∏–≥—Ä–∞
Autorski film,–ê–≤—Ç–æ—Ä—Å–∫–∏–π —Ñ–∏–ª—å–º
Bafta,–ë–∞—Ñ—Ç–∞ (–±—Ä–∏—Ç–∞–Ω—Å–∫–∞—è –∫–∏–Ω–æ–ø—Ä–µ–º–∏—è)
Ba≈õniowy,–°–∫–∞–∑–æ—á–Ω—ã–π
Bilety na film,–ë–∏–ª–µ—Ç—ã –≤ –∫–∏–Ω–æ
Box office,–ö–∞—Å—Å–æ–≤—ã–µ —Å–±–æ—Ä—ã
Czas trwania,–ü—Ä–æ–¥–æ–ª–∂–∏—Ç–µ–ª—å–Ω–æ—Å—Ç—å
Dialogi,–î–∏–∞–ª–æ–≥–∏
Dramat,–î—Ä–∞–º–∞
Dubler,–î—É–±–ª–µ—Ä
Dzia≈Çaƒá przed kamerƒÖ,–†–∞–±–æ—Ç–∞—Ç—å –ø–µ—Ä–µ–¥ –∫–∞–º–µ—Ä–æ–π
D≈∫wiƒôk filmowy,–ó–≤—É–∫ –∫–∏–Ω–æ
Efekty specjalne,–°–ø–µ—Ü—ç—Ñ—Ñ–µ–∫—Ç—ã
Ekranizacja,–≠–∫—Ä–∞–Ω–∏–∑–∞—Ü–∏—è
Fantastyczny,–§–∞–Ω—Ç–∞—Å—Ç–∏—á–µ—Å–∫–∏–π
Festiwal filmowy,–ö–∏–Ω–æ—Ñ–µ—Å—Ç–∏–≤–∞–ª—å
Film,–§–∏–ª—å–º
Film animowany,–ê–Ω–∏–º–∞—Ü–∏–æ–Ω–Ω—ã–π —Ñ–∏–ª—å–º
Film dokumentalny,–î–æ–∫—É–º–µ–Ω—Ç–∞–ª—å–Ω—ã–π —Ñ–∏–ª—å–º
Film noir,–§–∏–ª—å–º –Ω—É–∞—Ä
Film oparty na faktach,–§–∏–ª—å–º –ø–æ —Ä–µ–∞–ª—å–Ω—ã–º —Å–æ–±—ã—Ç–∏—è–º
Film wojenny,–í–æ–µ–Ω–Ω—ã–π —Ñ–∏–ª—å–º
Filmowy ≈õwiat,–ö–∏–Ω–æ–º–∏—Ä
Gwiazda filmowa,–ö–∏–Ω–æ–∑–≤–µ–∑–¥–∞
G≈Ç√≥wna rola,–ì–ª–∞–≤–Ω–∞—è —Ä–æ–ª—å
Horror,–£–∂–∞—Å—ã
Kadr,–ö–∞–¥—Ä
Kamera filmowa,–ö–∏–Ω–æ–∫–∞–º–µ—Ä–∞
Kamera operatora,–û–ø–µ—Ä–∞—Ç–æ—Ä—Å–∫–∞—è –∫–∞–º–µ—Ä–∞
Kategoria filmowa,–ö–∏–Ω–æ–∂–∞–Ω—Ä
Kinematografia,–ö–∏–Ω–µ–º–∞—Ç–æ–≥—Ä–∞—Ñ–∏—è
Kinematografia europejska,–ï–≤—Ä–æ–ø–µ–π—Å–∫–∞—è –∫–∏–Ω–µ–º–∞—Ç–æ–≥—Ä–∞—Ñ–∏—è
Kinematografia polska,–ü–æ–ª—å—Å–∫–∞—è –∫–∏–Ω–µ–º–∞—Ç–æ–≥—Ä–∞—Ñ–∏—è
Kinematografia ≈õwiatowa,–ú–∏—Ä–æ–≤–∞—è –∫–∏–Ω–µ–º–∞—Ç–æ–≥—Ä–∞—Ñ–∏—è
Kino,–ö–∏–Ω–æ—Ç–µ–∞—Ç—Ä
Kino niezale≈ºne,–ù–µ–∑–∞–≤–∏—Å–∏–º–æ–µ –∫–∏–Ω–æ
Kinoman,–ö–∏–Ω–æ–º–∞–Ω
Kinowy klasyk,–ö–∏–Ω–æ–∫–ª–∞—Å—Å–∏–∫–∞
Kinowy maraton,–ö–∏–Ω–æ–º–∞—Ä–∞—Ñ–æ–Ω
Kinowy sukces,–ö–∏–Ω–æ–≤—É—Ö–∞
Klimat filmu,–ê—Ç–º–æ—Å—Ñ–µ—Ä–∞ —Ñ–∏–ª—å–º–∞
Komedia,–ö–æ–º–µ–¥–∏—è
Komedia romantyczna,–†–æ–º–∞–Ω—Ç–∏—á–µ—Å–∫–∞—è –∫–æ–º–µ–¥–∏—è
Kostiumy,–ö–æ—Å—Ç—é–º—ã
Kreacja aktorska,–ê–∫—Ç–µ—Ä—Å–∫–∞—è —Ä–æ–ª—å
Krymina≈Ç,–ö—Ä–∏–º–∏–Ω–∞–ª—å–Ω—ã–π —Ñ–∏–ª—å–º
Krytyka filmowa,–ö–∏–Ω–æ–∫—Ä–∏—Ç–∏–∫–∞
KsiƒÖ≈ºka filmowa,–ö–∏–Ω–æ–∫–Ω–∏–≥–∞
Kulisy filmu,–ó–∞–∫—É–ª–∏—Å—ã —Ñ–∏–ª—å–º–∞
Melodia przewodnia,–¢–µ–º–∞
Mistrz kina,–ú–∞—Å—Ç–µ—Ä –∫–∏–Ω–æ
Monta≈º,–ú–æ–Ω—Ç–∞–∂
Monta≈ºysta,–ú–æ–Ω—Ç–∞–∂–µ—Ä
Muzyka filmowa,–§–∏–ª—å–º–æ–≤–∞—è –º—É–∑—ã–∫–∞
Nagranie d≈∫wiƒôkowe,–ó–≤—É–∫–æ–≤–∞—è –¥–æ—Ä–æ–∂–∫–∞
Nagroda aktorska,–ö–∏–Ω–æ–ø—Ä–µ–º–∏—è –∑–∞ –∞–∫—Ç–µ—Ä—Å–∫—É—é —Ä–∞–±–æ—Ç—É
Nagroda filmowa,–ö–∏–Ω–æ–ø—Ä–µ–º–∏—è
Nagroda publiczno≈õci,–ù–∞–≥—Ä–∞–¥–∞ –∑—Ä–∏—Ç–µ–ª–µ–π
Napisy,–°—É–±—Ç–∏—Ç—Ä—ã
Odg≈Çosy,–ó–≤—É–∫–∏
OglƒÖdaƒá,–°–º–æ—Ç—Ä–µ—Ç—å
Oskar,–û—Å–∫–∞—Ä
Plakat filmowy,–ü–ª–∞–∫–∞—Ç —Ñ–∏–ª—å–º–∞
Plan zdjƒôciowy,–°—ä–µ–º–æ—á–Ω–∞—è –ø–ª–æ—â–∞–¥–∫–∞
Premiera,–ü—Ä–µ–º—å–µ—Ä–∞
Produkcja,–ü—Ä–æ–¥—É–∫—Ü–∏—è
Projektor filmowy,–ö–∏–Ω–æ–ø—Ä–æ–µ–∫—Ç–æ—Ä
Recenzja filmu,–û–±–∑–æ—Ä —Ñ–∏–ª—å–º–∞
Rekwizyty,–†–µ–∫–≤–∏–∑–∏—Ç
Re≈ºyser,–†–µ–∂–∏—Å—Å–µ—Ä
Rola drugoplanowa,–í—Ç–æ—Ä–æ—Å—Ç–µ–ø–µ–Ω–Ω–∞—è —Ä–æ–ª—å
Satyra filmowa,–ö–∏–Ω–æ–∫–æ–º–µ–¥–∏—è
Scenariusz,–°—Ü–µ–Ω–∞—Ä–∏–π
Scenariusz oryginalny,–û—Ä–∏–≥–∏–Ω–∞–ª—å–Ω—ã–π —Å—Ü–µ–Ω–∞—Ä–∏–π
Scenografia,–°—Ü–µ–Ω–æ–≥—Ä–∞—Ñ–∏—è
Science fiction,–ù–∞—É—á–Ω–∞—è —Ñ–∞–Ω—Ç–∞—Å—Ç–∏–∫–∞
Sekwencja,–°—Ü–µ–Ω–∞
Studio filmowe,–ö–∏–Ω–æ—Å—Ç—É–¥–∏—è
Sztuka filmowa,–ö–∏–Ω–æ–≤–∏–¥–µ–Ω–∏–µ
Thriller,–¢—Ä–∏–ª–ª–µ—Ä
T≈Ço muzyczne,–ú—É–∑—ã–∫–∞–ª—å–Ω–æ–µ —Å–æ–ø—Ä–æ–≤–æ–∂–¥–µ–Ω–∏–µ
Utw√≥r filmowy,–ö–∏–Ω–æ—Å–∞—É–Ω–¥—Ç—Ä–µ–∫
Wymy≈õlny,–§–∞–Ω—Ç–∞–∑–∏–π–Ω—ã–π
Wysoka ocena,–í—ã—Å–æ–∫–∞—è –æ—Ü–µ–Ω–∫–∞
Zdjƒôcia,–°—ä–µ–º–∫–∏
Zdjƒôcie panoramiczne,–ü–∞–Ω–æ—Ä–∞–º–Ω–∞—è —Å—ä–µ–º–∫–∞
Zesp√≥≈Ç filmowy,–ö–∏–Ω–æ–∫–æ–º–∞–Ω–¥–∞
Znakomity,–ó–∞–º–µ—á–∞—Ç–µ–ª—å–Ω—ã–π
Zwiastun,–¢—Ä–µ–π–ª–µ—Ä
Z≈Çota palma,–ó–æ–ª–æ—Ç–∞—è –ø–∞–ª—å–º–∞
≈öcie≈ºka d≈∫wiƒôkowa,–°–∞—É–Ω–¥—Ç—Ä–µ–∫
"≈öwiat≈Ça, kamera, akcja!","–°–≤–µ—Ç, –∫–∞–º–µ—Ä–∞, –º–æ—Ç–æ—Ä!"
Kierowca,–í–æ–¥–∏—Ç–µ–ª—å
Kierownica,–†—É–ª—å
Kierownik,"–£–ø—Ä–∞–≤–ª—è—é—â–∏–π, –º–µ–Ω–µ–¥–∂–µ—Ä"
P≈Çeƒá,–ü–æ–ª ( –º—É–∂—Å–∫–æ–π/–∂–µ–Ω—Å–∫–∏–π/–¥—Ä—É–≥–æ–µ)
Smycz,–ü–æ–≤–æ–¥–æ–∫
Bodziec,–°—Ç–∏–º—É–ª
Pierwiastek,(–≤ —Ö–∏–º–∏–∏) - —Ö–∏–º–∏—á–µ—Å–∫–∏–π —ç–ª–µ–º–µ–Ω—Ç
PromieniotwoÃÅrczosÃÅƒá,P–∞–¥–∏–æ–∞–∫—Ç–∏–≤–Ω—ã–π —Ä–∞—Å–ø–∞–¥
Wynalazek,"–û—Ç–∫—Ä—ã—Ç–∏–µ, –∏–∑–æ–±—Ä–µ—Ç–µ–Ω–∏–µ"
Wynale≈∫ƒá,"–û—Ç–∫—Ä—ã—Ç—å, –∏–∑–æ–±—Ä–µ—Å—Ç–∏"
Dosyƒá du≈ºo,–î–æ–≤–æ–ª—å–Ω–æ –º–Ω–æ–≥–æ
Dotykaƒá,"–ö–∞—Å–∞—Ç—å—Å—è, —Ç—Ä–æ–≥–∞—Ç—å"
Dziadkowie,Babcia+dziadek
Dzieciƒôca gra,–î–µ—Ç—Å–∫–∞—è –∏–≥—Ä–∞
Dzieci≈Ñstwo,–î–µ—Ç—Å—Ç–≤–æ
Mianowicie,–ê –æ—Å–æ–±–µ–Ω–Ω–æ
Nastolatek,–ü–æ–¥—Ä–æ—Å—Ç–æ–∫
Okres dorastania,"–Æ–Ω–æ—à–µ—Å—Ç–≤–æ, –ø–µ—Ä–∏–æ–¥ —Å–æ–∑—Ä–µ–≤–∞–Ω–∏—è"
Piosenka,–ü–µ—Å–Ω—è
Powietrze,–í–æ–∑–¥—É—Ö
Pozostaƒá,"–û—Å—Ç–∞—Ç—å—Å—è –Ω–µ–∏–∑–º–µ–Ω—ë–Ω–Ω—ã–º, —Å–∞–º–∏–º —Å–æ–±–æ–π"
Tlen,–ö–∏—Å–ª–æ—Ä–æ–¥
W og√≥le,–í –æ–±—â–µ–º
Wspomnienia,–í–æ—Å–ø–æ–º–∏–Ω–∞–Ω–∏—è
Zbierali≈õmy siƒô,–ú—ã —Å–æ–±–∏—Ä–∞–ª–∏—Å—å
Zostawiƒá,–û—Å—Ç–∞–≤–∏—Ç—å
Do celu,–ö —Ü–µ–ª–∏
Klasa,–ñ–µ–Ω—Å–∫–æ–≥–æ —Ä–æ–¥–∞ –≤ –ø–æ–ª—å—Å–∫–æ–º - –∫–ª–∞—Å—Å
O ≈õwiecie technicznym,–û —Ç–µ—Ö–Ω–æ–ª–æ–≥–∏—á–µ—Å–∫–æ–º –º–∏—Ä–µ
Obserwowaƒá,–ù–∞–±–ª—é–¥–∞—Ç—å (–Ω–µ –Ω–µ—Å—Ç–∏ –æ—Ç–≤–µ—Ç—Å—Ç–≤–µ–Ω–Ω–æ—Å—Ç–∏)
Pilnowaƒá,–°–ª–µ–¥–∏—Ç—å –∑–∞ –∫–µ–º-—Ç–æ(–Ω–µ—Å—Ç–∏ –æ—Ç–≤–µ—Ç—Å—Ç–≤–µ–Ω–Ω–æ—Å—Ç—å)
Sp√≥≈Çka,–§–∏—Ä–º–∞
Tolerancyjny,–¢–æ–ª–µ—Ä–∞–Ω—Ç–Ω—ã–π
W kierunku,–ü–æ –Ω–∞–ø—Ä–∞–≤–ª–µ–Ω–∏—é/–ø–æ —Å–ø–µ—Ü–∏–∞–ª—å–Ω–æ—Å—Ç–∏
W/poza,–í/–∑–∞
Wiadomo≈õciach,–ù–æ–≤–æ—Å—Ç—è—Ö
Wychowanie fizyczne,–§–∏–∑–∫—É–ª—å—Ç—É—Ä–∞
Wywiad,–ò–Ω—Ç–µ—Ä–≤—å—é
Wy≈õcigi samochodowe,–ì–æ–Ω–∫–∏
WƒÖtroba,–ü–µ—á–µ–Ω—å
Dbaƒá o siebie,"–°–ª–µ–¥–∏—Ç—å –∑–∞ —Å–æ–±–æ–π, –∑–∞–±–æ—Ç–∏—Ç—å—Å—è –æ —Å–µ–±–µ"
Stre≈õciƒá,–°–æ–∫—Ä–∞—Ç–∏—Ç—å
Walizka,–ß–µ–º–æ–¥–∞–Ω
Walka z narkotykami,–ë–æ—Ä—å–±–∞ —Å –Ω–∞—Ä–∫–æ—Ç–∏–∫–∞–º–∏
Zazdro≈õciƒá,Zazdroszczƒô - –∑–∞–≤–∏–¥–æ–≤–∞—Ç—å - —è –∑–∞–≤–∏–¥—É—é
≈ªonaty/mƒô≈ºatka,–ñ–µ–Ω–∞—Ç/–∑–∞–º—É–∂–Ω—è—è
By≈Ça sprzedawczyniƒÖ,–ë—ã–ª–∞ –ø—Ä–æ–¥–∞–≤—â–∏—Ü–µ–π
Czƒô≈õciƒÖ polskiego spo≈Çecze≈Ñstwa,–ß–∞—Å—Ç—å—é –ø–æ–ª—å—Å–∫–æ–≥–æ –æ–±—â–µ—Å—Ç–≤–∞
Kraj/pa≈Ñstwo,–°—Ç—Ä–∞–Ω–∞/–≥–æ—Å—É–¥–∞—Ä—Å—Ç–≤–æ
Krew,–ö—Ä–æ–≤—å
Krewny,–†–æ–¥—Å—Ç–≤–µ–Ω–Ω–∏–∫
Los,–°—É–¥—å–±–∞
Marynarz,–ú–æ—Ä—è–∫
Masakra,"–£–∂–∞—Å/–∫–æ—à–º–∞—Ä, —Ä–µ–¥–∫–æ - —Ä–µ–∑–Ω—è"
Masakryczny,–£–∂–∞—Å–Ω—ã–π/–∫–æ—à–º–∞—Ä–Ω—ã–π
Modlitwa,–ú–æ–ª–∏—Ç–≤–∞
Mƒôczyƒá,–ú—É—á–∞—Ç—å
Na razie mam umowƒô/ szukam pasujƒÖcƒÖ pracƒô,–ù–∞ –¥–∞–Ω–Ω—ã–π –º–æ–º–µ–Ω—Ç —É –º–µ–Ω—è –∫–æ–Ω—Ç—Ä–∞–∫—Ç/–∏—â—É –ø–æ–¥—Ö–æ–¥—è—â—É—é —Ä–∞–±–æ—Ç—É
Na statku,–ù–∞ –∫–æ—Ä–∞–±–ª–µ
Na sta≈Çe,–ù–∞ –ø–æ—Å—Ç–æ—è–Ω–Ω–æ–π –æ—Å–Ω–æ–≤–µ
Obywatelstwo,–ì—Ä–∞–∂–¥–∞–Ω—Å—Ç–≤–æ
Odwiedzaƒá/odwiedziƒá,–ü–æ—Å–µ—â–∞—Ç—å/–ø–æ—Å–µ—Ç–∏—Ç—å
Oscypek,–û—Å—Ü—ã–ø–µ–∫ (—Å—ã—Ä)
Plan siƒô uda≈Ç,–ü–ª–∞–Ω –∏—Å–ø–æ–ª–Ω–∏–ª—Å—è
Po co/ dlaczego,–ó–∞—á–µ–º? –ø–æ—á–µ–º—É? –¥–ª—è —á–µ–≥–æ?
Pochodzenie polskie/korzenia polskie,–ü–æ–ª—å—Å–∫–æ–µ –ø—Ä–æ–∏—Å—Ö–æ–∂–¥–µ–Ω–∏–µ –∏–ª–∏ –∫–æ—Ä–Ω–∏
Podatki,–ù–∞–ª–æ–≥–∏
Podstawa,–û—Å–Ω–æ–≤–∞–Ω–∏–µ
Przeprowadziƒá siƒô/ przeprowadzka,–ü–µ—Ä–µ–µ—Ö–∞—Ç—å/–ø–µ—Ä–µ–µ–∑–¥
RozmawajƒÖcych,–†–∞–∑–≥–æ–≤–∞—Ä–∏–≤–∞—é—â–∏—Ö
Sedno,–°—É—Ç—å
Spƒôdzaƒá/marnowaƒá (czas),–ü—Ä–æ–≤–æ–¥–∏—Ç—å/—Ç—Ä–∞—Ç–∏—Ç—å ( –≤—Ä–µ–º—è )
Sztuczna,–ò—Å–∫—É—Å—Å—Ç–≤–µ–Ω–Ω–∞—è
Wydrukowaƒá,–ù–∞–ø–µ—á–∞—Ç–∞—Ç—å
Znajduje siƒô,–ù–∞—Ö–æ–¥–∏—Ç—Å—è
≈Åotewski pobyt,–õ–∞—Ç–≤–∏–π—Å–∫–∏–π –≤–∏–¥ –Ω–∞ –∂–∏—Ç–µ–ª—å—Å—Ç–≤–æ
≈öwiadectwo urodzenia,–°–≤–∏–¥–µ—Ç–µ–ª—å—Å—Ç–≤–æ –æ —Ä–æ–∂–¥–µ–Ω–∏–∏
"Ciekawa rzecz=ciekawostka
walka",–ò–Ω—Ç–µ—Ä–µ—Å–Ω–∞—è –≤–µ—â—å
Dowiedzieƒá siƒô,–£–∑–Ω–∞—Ç—å
Obw√≥d witebski,–í–∏—Ç–µ–±—Å–∫–∏–π —Ä–∞–π–æ–Ω
Paga≈Ñstwo,–Ø–∑—ã—á–µ—Å—Ç–≤–æ
Pochowany,–ü–æ—Ö–æ—Ä–æ–Ω–µ–Ω
≈Åy≈ºwy,–ö–æ–Ω—å–∫–∏
Serpentyna,–°–µ—Ä–ø–∞–Ω—Ç–∏–Ω
Laweta,–≠–≤–∞–∫—É–∞—Ç–æ—Ä
Ubezpieczenie,–°—Ç—Ä–∞—Ö–æ–≤–∫–∞
–ûblodzenie,–ì–æ–ª–æ–ª—ë–¥
Kresk√≥wki / film animowany,–ú—É–ª—å—Ç—Ñ–∏–ª—å–º
P≈Çyn,–ñ–∏–¥–∫–æ—Å—Ç—å
Gard≈Ço,–ì–æ—Ä–ª–æ
Spinaƒá,"–ü—Ä—è–º–æ–µ –∑–Ω–∞—á–µ–Ω–∏–µ (—Å–æ–µ–¥–∏–Ω—è—Ç—å —ç–ª–µ–º–µ–Ω—Ç—ã, –æ–±—ä–µ–¥–∏–Ω—è—Ç—å —á–µ–º-—Ç–æ, —Å–≤—è–∑—ã–≤–∞—Ç—å –≤–º–µ—Å—Ç–µ) –ø–µ—Ä–µ–Ω–æ—Å–Ω–æ–µ –∑–Ω–∞—á–µ–Ω–∏–µ (–∑–∞–∫—Ä—ã–≤–∞—Ç—å—Å—è –≤ —Å–µ–±–µ, –Ω–∞–ø—Ä—è–≥–∞—Ç—å—Å—è, –Ω–µ—Ä–≤–Ω–∏—á–∞—Ç—å)"
Wspinaƒá siƒô,"–í–∑–±–∏—Ä–∞—Ç—å—Å—è –≤–≤–µ—Ä—Ö, –Ω–∞–ø—Ä–∏–º–µ—Ä –Ω–∞ –≥–æ—Ä—É"
Objaw,–°–∏–º–ø—Ç–æ–º
Przeziƒôbienie,–ü—Ä–æ—Å—Ç—É–¥–∞
Grypa,–ì—Ä–∏–ø–ø
Kac,–ü–æ—Ö–º–µ–ª—å–µ
Og≈ÇƒÖdaƒá po raz kolejny,–°–º–æ—Ç—Ä–µ—Ç—å –∑–∞–Ω–æ–≤–∞
WƒÖtpliwo≈õƒá,–°–æ–º–Ω–µ–Ω–∏–µ
Ozdoba,–£–∫—Ä–∞—à–µ–Ω–∏–µ
Si≈Çownia,–°–ø–æ—Ä—Ç–∑–∞–ª
Wytrzyma≈Ço≈õƒá,–í—ã–Ω–æ—Å–ª–∏–≤–æ—Å—Ç—å
Jechaƒá z powrotem,–í–æ–∑–≤—Ä–∞—â–∞—Ç—å—Å—è (—Ç—É–¥–∞ –∏ –æ–±—Ä–∞—Ç–Ω–æ)
Oszcƒôdno≈õci,–°–±–µ—Ä–µ–∂–µ–Ω–∏—è
Oczszƒôdzaƒá,"–ö–æ–ø–∏—Ç—å,—ç–∫–æ–Ω–æ–º–∏—Ç—å, —Å–±–µ—Ä–µ–≥–∞—Ç—å"
